Residue_Number_1,Residue_Number_2,Nucleotide_1,Nucleotide_2,Atomic_Pair_Count,Interaction_Strength
1,3,DC,DG,3,0.7196147113548995
2,4,DC,DT,5,1.4279586382449905
3,5,DG,DA,8,1.754025546301037
4,6,DT,DC,6,1.7135503658939888
5,7,DA,DG,13,2.8502915127391852
6,8,DC,DT,8,2.2847338211919848
7,9,DG,DA,6,1.3155191597257778
8,10,DT,DC,7,1.9991420935429869
9,11,DA,DG,5,1.0962659664381482
10,12,DC,DG,1,0.23987157045163318
