Residue_Number_1,Residue_Number_2,Nucleotide_1,Nucleotide_2,Atomic_Pair_Count,Interaction_Strength
1,3,DG,DG,8,1.6238709022632702
2,4,DC,DG,2,0.47974314090326636
3,5,DG,DG,5,1.0149193139145438
4,6,DG,DC,13,3.1183304158712315
5,7,DG,DC,15,3.598073556774498
6,8,DC,DC,8,2.267702250694484
7,9,DC,DG,1,0.23987157045163318
8,10,DC,DC,5,1.4173139066840525
